Frequency,Station ID
87.5,AquaZone Art Car
87.9,Airstreameri Radio
88.1,BRFQ
88.3,K-A-T
90.7,Playagon Free Radio
92.1,CAMPO
93.1,Sonic Tectonic
93.7,Space Cowboys Radio
94.5,BMIR The Voice of the Man
95.1,Gate Radio GARS
95.7,Fusion Valley Radio
96.3,KAEZ Alternative Energy Zone
96.7,RFZ Radio Free Frank Zappa
97.1,RFBM Radio Free Burning Man
98.5,Dangerous Radio
99.3,Koohryna's Pirate Den
99.5,Shouting Fire-Radio Equinox
101.3,K-BUTT Radio.
102.3,K-HOLE
104.7,Black Rock F/X Radio
105.1,QROO FM
106.5,Fairy Wood CampFM
107.3,F.A.R.T. Radio
107.7,Community Improvement Radio
